weight_class,division_rank,fighter_name,stance,hand,wins,losses,win_rate,vs_division_avg
Bantamweight,1,Sean O'Malley,Switch,Right,17,1,94.44,14.43
Bantamweight,2,Dominick Cruz,Orthodox,Right,24,3,88.89,8.88
Bantamweight,3,Cory Sandhagen,Switch,Right,16,4,80.0,-0.01
Featherweight,1,Ilia Topuria,Orthodox,Right,15,0,100.0,14.62
Featherweight,2,Zabit Magomedsharipov,Orthodox,Left,18,1,94.74,9.36
Featherweight,3,Alexander Volkanovski,Orthodox,Right,26,3,89.66,4.28
Flyweight,1,Henry Cejudo,Orthodox,Right,16,2,88.89,5.68
Flyweight,2,Deiveson Figueiredo,Orthodox,Right,22,4,84.62,1.41
Flyweight,3,Sergio Pettis,Orthodox,Right,21,5,80.77,-2.44
Heavyweight,1,Bas Rutten,Orthodox,Left,28,4,87.5,12.9
Heavyweight,2,Fedor Emelianenko,Orthodox,Left,40,6,86.96,12.36
Heavyweight,3,Francis Ngannou,Orthodox,Right,17,3,85.0,10.4
Light Heavyweight,1,Jon Jones,Orthodox,Right,27,1,96.43,17.75
Light Heavyweight,2,Magomed Ankalaev,Orthodox,Right,18,1,94.74,16.06
Light Heavyweight,3,Daniel Cormier,Orthodox,Right,22,3,88.0,9.32
Lightweight,1,Khabib Nurmagomedov,Orthodox,Right,29,0,100.0,24.32
Lightweight,2,Islam Makhachev,Southpaw,Right,25,1,96.15,20.47
Lightweight,3,Mateusz Gamrot,Southpaw,Right,22,1,95.65,19.97
Middleweight,1,Israel Adesanya,Switch,Right,24,3,88.89,12.16
Middleweight,2,Gegard Mousasi,Orthodox,Right,47,10,82.46,5.73
Middleweight,3,Robert Whittaker,Orthodox,Right,24,6,80.0,3.27
Welterweight,1,Georges St-Pierre,Orthodox,Right,26,2,92.86,16.76
Welterweight,2,Leon Edwards,Southpaw,Right,21,3,87.5,11.4
Welterweight,3,Kamaru Usman,Switch,Right,20,3,86.96,10.86
Women's Bantamweight,1,Amanda Nunes,Orthodox,Right,21,5,80.77,6.51
Women's Bantamweight,2,Miesha Tate,Orthodox,Right,18,7,72.0,-2.26
Women's Bantamweight,3,Holly Holm,Southpaw,Right,14,6,70.0,-4.26
Women's Featherweight,1,Cris Cyborg,Orthodox,Right,26,2,92.86,0.0
Women's Flyweight,1,Valentina Shevchenko,Southpaw,Right,23,4,85.19,0.49
Women's Flyweight,2,Alexa Grasso,Orthodox,Left,16,3,84.21,-0.49
Women's Strawweight,1,Zhang Weili,Switch,Right,23,3,88.46,9.65
Women's Strawweight,2,Yan Xiaonan,Orthodox,Left,18,3,85.71,6.9
Women's Strawweight,3,Joanna Jedrzejczyk,Orthodox,Right,16,5,76.19,-2.62
