fighter,country,continent,stance_project,hand,wins,losses,total_fights,win_rate,weight_class,learning_tip,weight_class_source,gender,height_cm,reach_cm,stance_ufcstats,dob,ufcstats_url,ufc_fights,ufc_wins,ufc_losses,ufc_ko_wins,ufc_sub_wins,ufc_dec_wins,title_fights,main_events,first_ufc_fight,last_ufc_fight,stats_fights,ufc_minutes,slpm,str_acc,sapm,str_def,td_avg,td_acc,td_def,sub_avg,kd_avg,ctrl_pct,pct_distance,pct_clinch,pct_ground,pct_head,pct_body,pct_leg,age,age_at_last_ufc_fight,active,ape_index_cm,headliner_index,striking_index,grappling_index,fighting_style,stance,stance_matches_project,foot,champion,popularity_index,stance_hand,foot_hand,ape_index
Jon Jones,USA,North America,Orthodox,Right,27,1,28,96.43,Light Heavyweight,Study fundamentals and signature techniques,corrected,Men,193.0,213.4,Orthodox,1987-07-19,http://ufcstats.com/fighter-details/07f72a2a7591b409,24.0,22.0,1.0,6.0,6.0,10.0,17.0,19.0,2008-08-09,2024-11-16,24.0,356.8,4.38,58.91,2.24,64.09,1.89,45.92,95.0,0.46,0.25,23.69,64.71,15.98,19.31,48.53,23.98,27.49,39.2,37.3,True,20.4,36.0,52.0,66.0,All-rounder,Orthodox,True,Right,True,98,Orthodox · Right-handed,Right foot · Right hand,1.106
Stipe Miocic,USA,North America,Orthodox,Right,20,4,24,83.33,Heavyweight,Study fundamentals and signature techniques,original,Men,193.0,203.2,Orthodox,1982-08-19,http://ufcstats.com/fighter-details/d28dee5c705991df,19.0,14.0,5.0,9.0,0.0,5.0,9.0,13.0,2011-10-08,2024-11-16,19.0,215.7,4.67,52.72,4.01,52.32,1.74,34.25,65.0,0.0,0.49,26.55,71.6,12.02,16.39,73.19,13.8,13.01,44.1,42.2,True,10.2,22.0,72.0,49.0,Striker,Orthodox,True,Right,True,86,Orthodox · Right-handed,Right foot · Right hand,1.053
Daniel Cormier,USA,North America,Orthodox,Right,22,3,25,88.0,Light Heavyweight,Study fundamentals and signature techniques,original,Men,180.3,182.9,Orthodox,1979-03-20,http://ufcstats.com/fighter-details/d967f0128c323de6,15.0,11.0,3.0,3.0,4.0,4.0,10.0,9.0,2013-04-20,2020-08-15,15.0,207.4,4.39,54.75,3.51,50.48,1.66,46.0,76.47,0.58,0.14,30.31,59.93,22.94,17.12,74.86,13.06,12.07,47.5,41.4,False,2.6,19.0,43.0,70.0,Grappler,Orthodox,True,Right,True,76,Orthodox · Right-handed,Right foot · Right hand,1.014
Nate Diaz,USA,North America,Southpaw,Left,21,13,34,61.76,Lightweight,Study fundamentals and signature techniques,original,Men,182.9,193.0,Southpaw,1985-04-16,http://ufcstats.com/fighter-details/8355922d564b152c,27.0,16.0,11.0,2.0,10.0,4.0,2.0,10.0,2007-06-23,2022-09-10,27.0,337.3,4.58,44.57,4.0,52.85,0.8,26.47,43.88,1.16,0.18,14.02,73.32,22.15,4.53,74.22,17.03,8.74,41.4,37.4,False,10.1,12.0,49.0,56.0,All-rounder,Southpaw,True,Left,False,70,Southpaw · Left-handed,Left foot · Left hand,1.055
Tony Ferguson,USA,North America,Orthodox,Right,25,8,33,75.76,Lightweight,Study fundamentals and signature techniques,original,Men,180.3,193.0,Orthodox,1984-02-12,http://ufcstats.com/fighter-details/22a92d7f62195791,24.0,15.0,9.0,5.0,6.0,4.0,3.0,5.0,2011-06-04,2024-08-03,24.0,271.5,4.91,45.85,4.37,55.38,0.39,35.0,66.1,0.88,0.17,2.95,90.84,2.33,6.83,60.06,19.44,20.5,42.6,40.5,False,12.7,8.0,52.0,33.0,Striker,Orthodox,True,Right,True,52,Orthodox · Right-handed,Right foot · Right hand,1.07
Colby Covington,USA,North America,Orthodox,Right,17,4,21,80.95,Welterweight,Study fundamentals and signature techniques,original,Men,180.3,182.9,Orthodox,1988-02-22,http://ufcstats.com/fighter-details/dc9572dd6ec74859,17.0,12.0,5.0,3.0,2.0,7.0,4.0,7.0,2014-08-23,2024-12-14,17.0,288.1,3.81,38.48,3.09,54.78,3.64,42.68,68.97,0.16,0.05,43.41,79.71,9.74,10.56,69.43,15.83,14.74,38.6,36.8,True,2.6,11.0,27.0,69.0,Grappler,Orthodox,True,Right,True,59,Orthodox · Right-handed,Right foot · Right hand,1.014
Tyron Woodley,USA,North America,Orthodox,Right,19,7,26,73.08,Welterweight,Study fundamentals and signature techniques,corrected,Men,175.3,188.0,Orthodox,1982-04-07,http://ufcstats.com/fighter-details/effd9de9937996f8,16.0,9.0,6.0,5.0,1.0,3.0,6.0,5.0,2013-02-02,2021-03-27,16.0,220.0,2.4,46.89,2.9,57.08,0.41,35.29,87.5,0.2,0.68,11.62,50.57,26.7,22.73,55.87,33.52,10.61,44.5,39.0,False,12.7,11.0,47.0,26.0,Striker,Orthodox,True,Right,True,51,Orthodox · Right-handed,Right foot · Right hand,1.072
Justin Gaethje,USA,North America,Orthodox,Right,25,4,29,86.21,Lightweight,Study fundamentals and signature techniques,original,Men,180.3,177.8,Orthodox,1988-11-14,http://ufcstats.com/fighter-details/9e8f6c728eb01124,16.0,11.0,5.0,7.0,0.0,4.0,4.0,11.0,2017-07-07,2026-06-14,16.0,202.2,6.29,57.56,6.83,50.7,0.3,26.67,73.33,0.0,0.67,6.57,83.79,12.75,3.46,66.17,10.94,22.9,37.9,37.6,True,-2.5,15.0,89.0,10.0,Striker,Orthodox,True,Right,True,68,Orthodox · Right-handed,Right foot · Right hand,0.986
Max Holloway,USA,North America,Orthodox,Right,25,7,32,78.12,Featherweight,Study fundamentals and signature techniques,original,Men,180.3,175.3,Orthodox,1991-12-04,http://ufcstats.com/fighter-details/150ff4cc642270b9,33.0,24.0,9.0,12.0,2.0,10.0,10.0,15.0,2012-02-04,2026-07-11,33.0,533.9,6.92,48.17,4.6,58.67,0.22,53.33,81.44,0.28,0.34,5.57,88.06,6.66,5.28,64.69,24.34,10.97,34.8,34.6,True,-5.0,25.0,74.0,18.0,Striker,Orthodox,True,Right,True,96,Orthodox · Right-handed,Right foot · Right hand,0.972
Dustin Poirier,USA,North America,Southpaw,Right,29,8,37,78.38,Lightweight,"Study boxing combinations, body punching",original,Men,175.3,182.9,Southpaw,1989-01-19,http://ufcstats.com/fighter-details/029eaff01e6bb8f0,32.0,22.0,9.0,11.0,4.0,7.0,4.0,14.0,2011-01-01,2025-07-19,32.0,348.2,5.34,50.0,4.67,52.32,1.21,35.9,63.04,1.08,0.65,20.11,76.03,15.05,8.92,80.06,9.78,10.16,37.7,36.5,True,7.6,18.0,84.0,66.0,Striker,Southpaw,True,Right,True,88,Southpaw · Right-handed,Right foot · Right hand,1.043
Sean O'Malley,USA,North America,Southpaw,Right,17,1,18,94.44,Bantamweight,Study fundamentals and signature techniques,original,Men,180.3,182.9,Switch,1994-10-24,http://ufcstats.com/fighter-details/b50a426a33da0012,16.0,12.0,3.0,7.0,0.0,5.0,4.0,4.0,2017-12-01,2026-06-14,16.0,189.4,5.97,60.32,3.34,59.78,0.24,42.86,59.68,0.24,0.55,1.08,94.96,1.77,3.27,67.11,23.78,9.11,31.9,31.6,True,2.6,8.0,83.0,14.0,Striker,Switch,False,Right,True,46,Switch · Right-handed,Right foot · Right hand,1.014
Kamaru Usman,USA,North America,Orthodox,Right,20,3,23,86.96,Welterweight,Study fundamentals and signature techniques,original,Men,182.9,193.0,Switch,1987-05-11,http://ufcstats.com/fighter-details/f1b2aa7853d1ed6e,20.0,16.0,4.0,4.0,1.0,11.0,9.0,11.0,2015-07-12,2026-07-18,20.0,364.0,4.13,50.9,2.86,54.6,2.6,42.0,90.2,0.08,0.41,40.45,59.68,16.1,24.22,62.87,29.34,7.78,39.4,39.2,True,10.1,20.0,61.0,63.0,All-rounder,Switch,False,Right,True,88,Switch · Right-handed,Right foot · Right hand,1.055
Ronda Rousey,USA,North America,Orthodox,Right,12,2,14,85.71,Women's Bantamweight,Study fundamentals and signature techniques,corrected,Women,170.2,167.6,Orthodox,1987-02-01,http://ufcstats.com/fighter-details/8bdac25ce0bb874d,8.0,6.0,2.0,3.0,3.0,0.0,8.0,6.0,2013-02-23,2016-12-30,8.0,24.7,4.77,51.98,4.73,40.61,4.85,72.73,50.0,3.03,1.21,47.98,33.05,42.37,24.58,70.34,20.34,9.32,39.6,29.9,False,-2.6,14.0,88.0,97.0,All-rounder,Orthodox,True,Right,True,56,Orthodox · Right-handed,Right foot · Right hand,0.985
Rose Namajunas,USA,North America,Southpaw,Left,12,5,17,70.59,Women's Strawweight,Study fundamentals and signature techniques,corrected,Women,165.1,165.1,Orthodox,1992-06-29,http://ufcstats.com/fighter-details/47b63240018d5d86,19.0,12.0,7.0,2.0,3.0,7.0,7.0,5.0,2014-12-12,2026-01-24,19.0,296.7,3.5,41.11,3.38,63.68,1.47,48.33,62.12,0.35,0.3,19.75,83.75,6.83,9.42,71.54,18.75,9.71,34.2,33.6,True,0.0,12.0,41.0,54.0,All-rounder,Orthodox,False,Left,True,62,Orthodox · Left-handed,Left foot · Left hand,1.0
Holly Holm,USA,North America,Orthodox,Right,14,6,20,70.0,Women's Bantamweight,Study fundamentals and signature techniques,corrected,Women,172.7,175.3,Southpaw,1981-10-17,http://ufcstats.com/fighter-details/634e2fb70bde3fd5,16.0,8.0,7.0,2.0,0.0,6.0,5.0,8.0,2015-02-28,2024-04-13,16.0,257.2,3.13,40.76,2.92,55.01,0.87,30.0,76.32,0.06,0.12,24.07,81.86,11.68,6.46,46.83,30.56,22.61,44.9,42.5,False,2.6,13.0,22.0,42.0,Grappler,Southpaw,False,Right,True,56,Southpaw · Right-handed,Right foot · Right hand,1.015
Miesha Tate,USA,North America,Orthodox,Right,18,7,25,72.0,Women's Bantamweight,Study fundamentals and signature techniques,corrected,Women,167.6,165.1,Orthodox,1986-08-18,http://ufcstats.com/fighter-details/b96619b3acd7d9da,14.0,7.0,7.0,1.0,2.0,4.0,3.0,2.0,2013-04-13,2025-05-03,14.0,203.8,3.03,46.02,3.19,52.03,1.4,25.33,58.7,0.88,0.07,31.37,64.72,16.67,18.61,64.4,27.35,8.25,40.1,38.7,True,-2.5,5.0,18.0,73.0,Grappler,Orthodox,True,Right,True,25,Orthodox · Right-handed,Right foot · Right hand,0.985
Cody Garbrandt,USA,North America,Orthodox,Right,12,5,17,70.59,Bantamweight,Study fundamentals and signature techniques,original,Men,172.7,165.1,Orthodox,1991-07-07,http://ufcstats.com/fighter-details/d8c7c61b176e3994,18.0,10.0,8.0,6.0,0.0,4.0,3.0,3.0,2015-01-03,2026-07-11,18.0,178.4,2.82,40.37,3.69,58.68,0.84,22.22,81.82,0.0,0.92,5.7,86.68,8.15,5.17,72.17,13.52,14.31,35.2,35.0,True,-7.6,6.0,57.0,19.0,Striker,Orthodox,True,Right,True,35,Orthodox · Right-handed,Right foot · Right hand,0.956
TJ Dillashaw,USA,North America,Southpaw,Right,17,5,22,77.27,Bantamweight,Study fundamentals and signature techniques,original,Men,167.6,170.2,Orthodox,1986-02-07,http://ufcstats.com/fighter-details/c849740a3ff51931,18.0,13.0,5.0,7.0,1.0,5.0,9.0,7.0,2011-12-03,2022-10-22,18.0,220.7,5.09,41.11,3.47,62.04,1.56,30.67,77.78,0.82,0.61,24.58,73.02,10.06,16.92,66.61,14.51,18.88,40.6,36.7,False,2.6,16.0,81.0,69.0,All-rounder,Orthodox,False,Right,True,76,Orthodox · Right-handed,Right foot · Right hand,1.016
Henry Cejudo,USA,North America,Orthodox,Right,16,2,18,88.89,Flyweight,Study fundamentals and signature techniques,original,Men,162.6,162.6,Orthodox,1987-02-09,http://ufcstats.com/fighter-details/056c493bbd76a918,16.0,10.0,6.0,4.0,0.0,6.0,6.0,4.0,2014-12-13,2025-12-06,16.0,218.6,3.83,47.37,3.84,57.3,1.78,29.89,72.34,0.14,0.34,20.42,68.97,18.74,12.29,54.53,28.64,16.83,39.6,38.8,True,0.0,10.0,50.0,50.0,All-rounder,Orthodox,True,Right,True,51,Orthodox · Right-handed,Right foot · Right hand,1.0
Eddie Alvarez,USA,North America,Orthodox,Right,29,10,39,74.36,Lightweight,Study fundamentals and signature techniques,original,Men,175.3,175.3,Orthodox,1984-01-11,http://ufcstats.com/fighter-details/33a331684283900f,8.0,4.0,3.0,2.0,0.0,2.0,2.0,3.0,2014-09-27,2018-07-28,8.0,89.0,4.5,41.24,5.33,53.76,2.02,26.09,100.0,0.17,0.17,19.52,78.25,17.75,4.0,65.75,25.25,9.0,42.7,34.5,False,0.0,5.0,47.0,53.0,All-rounder,Orthodox,True,Left,True,22,Orthodox · Right-handed,Left foot · Right hand,1.0
Donald Cerrone,USA,North America,Orthodox,Right,36,16,52,69.23,Lightweight,Study fundamentals and signature techniques,original,Men,185.4,185.4,Orthodox,1983-03-29,http://ufcstats.com/fighter-details/1d00756835ca67c9,38.0,23.0,14.0,10.0,6.0,7.0,1.0,9.0,2011-02-05,2022-07-02,38.0,356.8,4.9,47.36,5.11,51.57,1.01,28.92,88.57,0.46,0.84,10.82,84.55,8.64,6.81,51.09,25.29,23.63,43.5,39.3,False,0.0,10.0,86.0,45.0,Striker,Orthodox,True,Left,False,68,Orthodox · Right-handed,Left foot · Right hand,1.0
Frankie Edgar,USA,North America,Orthodox,Right,24,9,33,72.73,Lightweight,Study fundamentals and signature techniques,original,Men,167.6,172.7,Orthodox,1981-10-16,http://ufcstats.com/fighter-details/f2688492b9a525a3,30.0,18.0,11.0,5.0,2.0,11.0,9.0,13.0,2007-02-03,2022-11-12,30.0,477.2,3.77,40.46,2.82,65.93,2.29,31.47,65.62,0.31,0.09,22.13,70.13,7.16,22.71,66.35,19.1,14.55,44.9,41.1,False,5.1,22.0,31.0,62.0,Grappler,Orthodox,True,Left,True,92,Orthodox · Right-handed,Left foot · Right hand,1.03
BJ Penn,USA,North America,Southpaw,Left,16,14,30,53.33,Lightweight,Study fundamentals and signature techniques,original,Men,175.3,177.8,Orthodox,1978-12-13,http://ufcstats.com/fighter-details/73c7cfa551289285,27.0,12.0,13.0,7.0,4.0,1.0,11.0,13.0,2001-05-04,2019-05-11,27.0,356.3,2.8,47.55,3.48,56.87,1.09,57.78,76.22,0.51,0.29,16.3,62.86,21.02,16.12,78.38,16.22,5.41,47.8,40.4,False,2.5,24.0,31.0,53.0,Grappler,Orthodox,False,Left,True,83,Orthodox · Left-handed,Left foot · Left hand,1.014
Nick Diaz,USA,North America,Southpaw,Left,26,9,35,74.29,Welterweight,Study fundamentals and signature techniques,original,Men,185.4,193.0,Southpaw,1983-08-02,http://ufcstats.com/fighter-details/f57a8a52ca401ed9,15.0,7.0,7.0,4.0,2.0,1.0,2.0,5.0,2003-09-26,2021-09-25,15.0,204.5,4.26,41.66,3.89,54.15,1.03,34.15,62.82,0.95,0.22,14.42,75.46,17.78,6.77,69.38,24.31,6.31,43.1,38.1,False,7.6,7.0,46.0,58.0,All-rounder,Southpaw,True,Left,True,31,Southpaw · Left-handed,Left foot · Left hand,1.041
Randy Couture,USA,North America,Orthodox,Right,19,11,30,63.33,Heavyweight,Study fundamentals and signature techniques,corrected,Men,185.4,190.5,Orthodox,1963-06-22,http://ufcstats.com/fighter-details/0aa92558424ced9e,24.0,16.0,8.0,7.0,4.0,5.0,16.0,18.0,1997-05-30,2011-04-30,24.0,281.8,2.76,59.16,1.41,59.09,2.77,50.0,59.38,0.59,0.05,44.96,26.74,30.21,43.06,76.86,11.18,11.95,63.3,47.9,False,5.1,34.0,14.0,82.0,Grappler,Orthodox,True,Right,True,94,Orthodox · Right-handed,Right foot · Right hand,1.028
Chuck Liddell,USA,North America,Orthodox,Right,21,9,30,70.0,Light Heavyweight,Study fundamentals and signature techniques,original,Men,188.0,193.0,Orthodox,1969-12-17,http://ufcstats.com/fighter-details/a390eb8a9b2df298,23.0,16.0,7.0,10.0,0.0,6.0,7.0,12.0,1998-05-15,2010-06-12,23.0,204.5,2.99,37.35,2.12,60.22,0.51,87.5,81.4,0.0,1.03,8.63,70.38,13.58,16.04,68.25,7.36,24.39,56.8,40.5,False,5.0,19.0,59.0,15.0,Striker,Orthodox,True,Right,True,86,Orthodox · Right-handed,Right foot · Right hand,1.027
Jamahal Hill,USA,North America,Orthodox,Right,12,2,14,85.71,Light Heavyweight,Study fundamentals and signature techniques,original,Men,193.0,200.7,Southpaw,1991-05-19,http://ufcstats.com/fighter-details/5444c5a201d3ee5a,11.0,6.0,4.0,4.0,0.0,2.0,2.0,5.0,2020-01-25,2025-06-21,11.0,114.9,5.89,50.26,4.04,44.96,0.0,,70.83,0.0,0.52,5.34,83.75,8.86,7.39,67.21,23.34,9.45,35.4,34.1,True,7.7,7.0,81.0,5.0,Striker,Southpaw,False,Right,True,29,Southpaw · Right-handed,Right foot · Right hand,1.04
Cory Sandhagen,USA,North America,Southpaw,Right,16,4,20,80.0,Bantamweight,Study fundamentals and signature techniques,original,Men,180.3,177.8,Switch,1992-04-20,http://ufcstats.com/fighter-details/65f09bacd3957381,17.0,11.0,6.0,6.0,1.0,4.0,2.0,7.0,2018-01-27,2026-07-11,17.0,250.4,4.92,45.36,3.72,55.09,1.14,33.93,57.02,0.24,0.24,19.42,82.89,4.06,13.06,65.86,15.17,18.98,34.4,34.2,True,-2.5,9.0,59.0,47.0,All-rounder,Switch,False,Right,False,48,Switch · Right-handed,Right foot · Right hand,0.986
Carla Esparza,USA,North America,Orthodox,Right,19,7,26,73.08,Women's Strawweight,Study fundamentals and signature techniques,corrected,Women,154.9,160.0,Orthodox,1987-10-10,http://ufcstats.com/fighter-details/d910665038efc639,16.0,10.0,6.0,1.0,1.0,8.0,4.0,1.0,2014-12-12,2024-10-05,16.0,224.3,2.19,39.45,2.87,54.39,3.28,36.3,47.22,0.27,0.0,28.29,56.91,12.8,30.28,73.78,14.43,11.79,39.0,37.0,True,5.1,5.0,4.0,67.0,Grappler,Orthodox,True,Right,True,31,Orthodox · Right-handed,Right foot · Right hand,1.033
Tatiana Suarez,USA,North America,Orthodox,Right,10,0,10,100.0,Women's Strawweight,Study fundamentals and signature techniques,corrected,Women,165.1,167.6,Southpaw,1990-12-19,http://ufcstats.com/fighter-details/b08012bbe542592a,11.0,10.0,1.0,1.0,5.0,4.0,2.0,0.0,2016-07-08,2026-04-11,11.0,127.8,2.68,59.55,1.62,42.82,4.34,43.02,57.14,0.59,0.0,60.07,30.9,18.08,51.02,47.81,31.2,20.99,35.8,35.3,True,2.5,2.0,10.0,87.0,Grappler,Southpaw,False,Right,False,21,Southpaw · Right-handed,Right foot · Right hand,1.015
Robbie Lawler,USA,North America,Orthodox,Right,28,15,43,65.12,Welterweight,Study fundamentals and signature techniques,original,Men,180.3,188.0,Southpaw,1982-03-20,http://ufcstats.com/fighter-details/f2925e6db404bf1d,25.0,15.0,10.0,8.0,0.0,7.0,5.0,7.0,2002-05-10,2023-07-08,25.0,318.4,4.19,48.33,5.18,58.3,0.8,73.91,64.81,0.0,0.47,10.1,69.49,21.59,8.92,75.86,19.87,4.27,44.5,41.3,False,7.7,12.0,64.0,23.0,Striker,Southpaw,False,Right,True,68,Southpaw · Right-handed,Right foot · Right hand,1.043
Carlos Condit,USA,North America,Orthodox,Right,30,14,44,68.18,Welterweight,Study fundamentals and signature techniques,original,Men,188.0,190.5,Orthodox,1984-04-26,http://ufcstats.com/fighter-details/f9f07bb5a43535ed,19.0,9.0,10.0,5.0,0.0,4.0,3.0,7.0,2009-04-01,2021-07-10,19.0,251.3,4.0,38.57,2.91,54.54,0.54,40.91,34.48,0.66,0.36,10.26,78.63,8.85,12.52,55.67,20.58,23.76,42.4,37.2,False,2.5,10.0,55.0,40.0,All-rounder,Orthodox,True,Right,True,48,Orthodox · Right-handed,Right foot · Right hand,1.013
Dominick Cruz,USA,North America,Orthodox,Right,24,3,27,88.89,Bantamweight,Study fundamentals and signature techniques,original,Men,172.7,172.7,Orthodox,1985-03-09,http://ufcstats.com/fighter-details/10f3ba6cd2f44a97,10.0,7.0,3.0,1.0,0.0,6.0,6.0,4.0,2011-07-02,2022-08-13,10.0,183.3,4.26,37.99,3.21,65.83,2.29,31.82,83.78,0.08,0.08,12.35,88.85,6.79,4.36,66.41,18.08,15.51,41.5,37.4,False,0.0,10.0,38.0,44.0,All-rounder,Orthodox,True,Right,True,44,Orthodox · Right-handed,Right foot · Right hand,1.0
Urijah Faber,USA,North America,Orthodox,Right,35,11,46,76.09,Bantamweight,Study fundamentals and signature techniques,corrected,Men,167.6,170.2,Orthodox,1979-05-14,http://ufcstats.com/fighter-details/78114b7199cef90c,18.0,11.0,7.0,1.0,6.0,4.0,4.0,5.0,2011-03-19,2019-12-14,18.0,245.6,2.9,41.99,2.89,65.11,1.59,28.26,62.0,0.55,0.31,18.88,62.27,13.6,24.12,73.49,19.21,7.29,47.4,40.6,False,2.6,9.0,33.0,59.0,Grappler,Orthodox,True,Right,False,48,Orthodox · Right-handed,Right foot · Right hand,1.016
Jose Aldo,Brazil,South America,Orthodox,Right,31,8,39,79.49,Bantamweight,Study fundamentals and signature techniques,original,Men,170.2,177.8,Orthodox,1986-09-09,http://ufcstats.com/fighter-details/d0f3959b4a9747e6,23.0,14.0,9.0,4.0,0.0,10.0,12.0,8.0,2011-04-30,2025-05-10,23.0,379.7,3.57,45.25,4.21,58.36,0.51,50.0,91.59,0.16,0.28,11.61,90.1,4.14,5.76,67.43,20.68,11.89,40.0,38.7,True,7.6,20.0,39.0,25.0,All-rounder,Orthodox,True,Right,True,85,Orthodox · Right-handed,Right foot · Right hand,1.045
Benson Henderson,USA,North America,Orthodox,Right,28,9,37,75.68,Lightweight,Study fundamentals and signature techniques,original,Men,175.3,177.8,Southpaw,1983-11-16,http://ufcstats.com/fighter-details/2676b28836a5a836,14.0,11.0,3.0,0.0,2.0,9.0,5.0,10.0,2011-04-30,2015-11-28,14.0,252.4,3.27,45.86,1.92,64.57,1.9,49.23,65.43,0.59,0.18,25.74,62.95,18.64,18.4,43.83,29.9,26.27,42.9,32.0,False,2.5,15.0,30.0,71.0,Grappler,Southpaw,False,Right,True,68,Southpaw · Right-handed,Right foot · Right hand,1.014
Michael Chandler,USA,North America,Orthodox,Right,23,8,31,74.19,Lightweight,Study fundamentals and signature techniques,original,Men,172.7,180.3,Orthodox,1986-04-24,http://ufcstats.com/fighter-details/4b93a88f3b1de35b,8.0,2.0,6.0,2.0,0.0,0.0,1.0,1.0,2021-01-23,2026-06-14,8.0,82.7,3.85,50.48,4.75,40.9,1.63,36.0,56.25,0.18,0.36,18.78,73.9,1.89,24.21,66.67,22.96,10.38,40.4,40.1,True,7.6,2.0,52.0,48.0,All-rounder,Orthodox,True,Right,True,10,Orthodox · Right-handed,Right foot · Right hand,1.044
Sergio Pettis,USA,North America,Southpaw,Right,21,5,26,80.77,Flyweight,Study fundamentals and signature techniques,corrected,Men,167.6,175.3,Orthodox,1993-08-18,http://ufcstats.com/fighter-details/de75d1c45a39e221,14.0,9.0,5.0,0.0,0.0,9.0,0.0,1.0,2013-11-16,2019-09-21,14.0,211.2,3.88,37.43,2.91,65.43,0.85,40.0,67.57,0.36,0.07,8.61,89.13,5.13,5.74,78.75,10.01,11.23,33.1,26.1,False,7.7,1.0,32.0,36.0,All-rounder,Orthodox,False,Left,False,14,Orthodox · Right-handed,Left foot · Right hand,1.046
Uriah Hall,Jamaica,North America,Southpaw,Right,17,9,26,65.38,Middleweight,Study fundamentals and signature techniques,corrected,Men,182.9,200.7,Orthodox,1984-07-31,http://ufcstats.com/fighter-details/65578a75fa7900e3,19.0,10.0,9.0,8.0,0.0,2.0,1.0,3.0,2013-04-13,2022-07-02,19.0,196.1,3.23,48.58,3.85,54.41,0.54,38.89,64.41,0.15,0.61,6.16,79.97,5.84,14.2,56.62,19.87,23.5,42.1,37.9,False,17.8,4.0,54.0,18.0,Striker,Orthodox,False,Right,False,28,Orthodox · Right-handed,Right foot · Right hand,1.097
Diego Sanchez,USA,North America,Orthodox,Right,30,14,44,68.18,Lightweight,Study fundamentals and signature techniques,original,Men,177.8,182.9,Southpaw,1981-12-31,http://ufcstats.com/fighter-details/82e7929bf6c2b689,32.0,19.0,13.0,6.0,0.0,12.0,2.0,8.0,2005-04-09,2020-09-26,32.0,397.1,2.66,37.35,3.12,56.52,1.36,21.69,47.14,0.68,0.23,25.02,57.84,10.59,31.57,69.0,23.63,7.37,44.7,38.7,False,5.1,10.0,24.0,66.0,Grappler,Southpaw,False,Right,False,66,Southpaw · Right-handed,Right foot · Right hand,1.029
Jim Miller,USA,North America,Orthodox,Right,36,17,53,67.92,Lightweight,Study fundamentals and signature techniques,original,Men,172.7,180.3,Southpaw,1983-08-30,http://ufcstats.com/fighter-details/d1941565abf50b16,47.0,28.0,18.0,6.0,14.0,8.0,0.0,3.0,2008-10-18,2026-05-09,47.0,453.0,2.92,42.14,3.43,56.75,1.49,45.0,47.62,1.72,0.2,20.8,71.48,14.67,13.84,58.62,20.12,21.26,43.1,42.7,True,7.6,3.0,25.0,72.0,Grappler,Southpaw,False,Right,False,43,Southpaw · Right-handed,Right foot · Right hand,1.044
Clay Guida,USA,North America,Orthodox,Right,36,22,58,62.07,Lightweight,Study fundamentals and signature techniques,original,Men,170.2,177.8,Orthodox,1981-12-08,http://ufcstats.com/fighter-details/c47df9303d318c67,37.0,18.0,19.0,2.0,5.0,11.0,0.0,3.0,2006-10-14,2024-12-07,37.0,423.3,2.73,33.16,3.18,60.9,2.76,33.62,69.44,0.57,0.21,36.96,65.14,13.67,21.19,59.78,16.09,24.13,44.8,43.0,True,7.6,3.0,23.0,79.0,Grappler,Orthodox,True,Right,False,40,Orthodox · Right-handed,Right foot · Right hand,1.045
Derrick Lewis,USA,North America,Orthodox,Right,27,10,37,72.97,Heavyweight,Study fundamentals and signature techniques,original,Men,190.5,200.7,Orthodox,1985-02-07,http://ufcstats.com/fighter-details/d3df1add9d9a7efb,32.0,20.0,12.0,16.0,0.0,4.0,2.0,13.0,2014-04-19,2026-06-14,32.0,283.1,2.41,48.92,2.79,38.73,0.53,25.64,51.89,0.0,0.58,10.88,39.88,18.48,41.64,78.89,16.86,4.25,41.6,41.3,True,10.2,15.0,43.0,19.0,Striker,Orthodox,True,Right,False,82,Orthodox · Right-handed,Right foot · Right hand,1.054
Curtis Blaydes,USA,North America,Orthodox,Right,17,4,21,80.95,Heavyweight,Study fundamentals and signature techniques,original,Men,193.0,203.2,Orthodox,1991-02-18,http://ufcstats.com/fighter-details/fa6796c55d6c5440,22.0,15.0,6.0,8.0,0.0,7.0,1.0,7.0,2016-04-10,2026-09-12,22.0,208.5,3.99,51.23,2.7,55.18,5.04,47.3,35.0,0.0,0.14,43.8,53.3,17.41,29.29,70.83,11.16,18.01,35.6,35.6,True,10.2,8.0,36.0,65.0,Grappler,Orthodox,True,Right,False,52,Orthodox · Right-handed,Right foot · Right hand,1.053
Anthony Smith,USA,North America,Orthodox,Right,36,16,52,69.23,Light Heavyweight,Study fundamentals and signature techniques,corrected,Men,193.0,193.0,Orthodox,1988-07-26,http://ufcstats.com/fighter-details/d4c9dcd330403612,25.0,13.0,12.0,6.0,5.0,2.0,1.0,8.0,2013-06-08,2025-04-26,25.0,259.5,3.24,50.06,5.19,44.38,0.46,22.86,50.0,0.46,0.4,6.31,87.98,7.62,4.4,62.74,18.45,18.81,38.2,36.8,True,0.0,9.0,46.0,29.0,Striker,Orthodox,True,Right,False,53,Orthodox · Right-handed,Right foot · Right hand,1.0
Anderson Silva,Brazil,South America,Orthodox,Right,34,11,45,75.56,Middleweight,"Study head movement, timing",original,Men,188.0,195.6,Southpaw,1975-04-14,http://ufcstats.com/fighter-details/1f454354805b6f75,25.0,17.0,7.0,11.0,3.0,3.0,13.0,19.0,2006-06-28,2020-10-31,25.0,270.8,3.07,59.01,2.58,59.51,0.17,75.0,76.32,0.33,1.0,5.1,68.15,14.78,17.07,53.97,21.75,24.28,51.4,45.5,False,7.6,32.0,60.0,18.0,Striker,Southpaw,False,Right,True,94,Southpaw · Right-handed,Right foot · Right hand,1.04
Charles Oliveira,Brazil,South America,Orthodox,Right,34,9,43,79.07,Lightweight,"Study submission game, creativity",original,Men,177.8,188.0,Orthodox,1989-10-17,http://ufcstats.com/fighter-details/07225ba28ae309b6,37.0,25.0,11.0,4.0,17.0,4.0,4.0,9.0,2010-08-01,2026-03-07,37.0,295.0,3.23,55.63,3.05,48.95,2.29,39.82,54.9,2.59,0.41,34.59,58.7,18.13,23.17,59.22,25.79,14.99,36.9,36.4,True,10.2,13.0,46.0,87.0,Grappler,Orthodox,True,Right,True,80,Orthodox · Right-handed,Right foot · Right hand,1.057
Amanda Nunes,Brazil,South America,Orthodox,Right,21,5,26,80.77,Women's Bantamweight,Study fundamentals and signature techniques,corrected,Women,172.7,175.3,Orthodox,1988-05-30,http://ufcstats.com/fighter-details/80fa8218c99f9c58,18.0,16.0,2.0,7.0,3.0,6.0,12.0,7.0,2013-08-03,2023-06-10,18.0,204.4,4.54,52.02,2.44,59.3,2.79,56.72,81.25,0.73,0.59,34.23,68.86,3.56,27.59,67.78,13.36,18.86,38.3,35.0,False,2.6,19.0,74.0,82.0,All-rounder,Orthodox,True,Right,True,86,Orthodox · Right-handed,Right foot · Right hand,1.015
Cris Cyborg,Brazil,South America,Orthodox,Right,26,2,28,92.86,Women's Featherweight,Study fundamentals and signature techniques,corrected,Women,172.7,172.7,Orthodox,1985-07-09,http://ufcstats.com/fighter-details/634bb0de2eb043b4,7.0,6.0,1.0,4.0,0.0,2.0,4.0,3.0,2016-05-14,2019-07-27,7.0,65.0,7.07,57.0,2.28,67.9,0.69,60.0,88.24,0.0,0.46,14.68,64.57,21.96,13.48,56.52,29.57,13.91,41.2,34.0,False,0.0,7.0,81.0,26.0,Striker,Orthodox,True,Right,True,29,Orthodox · Right-handed,Right foot · Right hand,1.0
Wanderlei Silva,Brazil,South America,Southpaw,Left,35,13,48,72.92,Light Heavyweight,Study fundamentals and signature techniques,corrected,Men,180.3,188.0,Orthodox,1976-07-03,http://ufcstats.com/fighter-details/a1f6999fe57236e0,12.0,5.0,7.0,4.0,0.0,1.0,1.0,4.0,1998-10-16,2013-03-02,12.0,122.0,2.66,33.64,3.21,62.76,0.25,40.0,48.0,0.12,1.11,3.54,70.46,20.0,9.54,70.15,13.23,16.62,50.2,36.7,False,7.7,5.0,56.0,11.0,Striker,Orthodox,False,Left,True,22,Orthodox · Left-handed,Left foot · Left hand,1.043
Lyoto Machida,Brazil,South America,Southpaw,Left,26,9,35,74.29,Light Heavyweight,Study fundamentals and signature techniques,corrected,Men,185.4,188.0,Southpaw,1978-05-30,http://ufcstats.com/fighter-details/f7a7f7118d4b01b6,24.0,16.0,8.0,7.0,1.0,8.0,5.0,13.0,2007-02-03,2018-05-12,24.0,285.8,2.51,51.73,1.62,62.59,0.73,63.64,76.47,0.42,0.73,15.64,71.09,12.43,16.48,50.28,27.37,22.35,48.3,40.0,False,2.6,18.0,49.0,45.0,All-rounder,Southpaw,True,Left,True,84,Southpaw · Left-handed,Left foot · Left hand,1.014
Fabricio Werdum,Brazil,South America,Orthodox,Right,24,10,34,70.59,Heavyweight,Study fundamentals and signature techniques,corrected,Men,193.0,195.6,Orthodox,1977-07-30,http://ufcstats.com/fighter-details/492b202d2064e7a9,18.0,12.0,6.0,4.0,4.0,4.0,3.0,7.0,2007-04-21,2020-07-25,18.0,193.4,4.6,56.36,3.25,54.95,1.24,28.57,26.67,0.47,0.31,18.65,75.62,12.58,11.8,63.82,18.99,17.19,49.2,43.0,False,2.6,10.0,60.0,55.0,All-rounder,Orthodox,True,Right,True,56,Orthodox · Right-handed,Right foot · Right hand,1.013
Junior Dos Santos,Brazil,South America,Orthodox,Right,21,9,30,70.0,Heavyweight,Study fundamentals and signature techniques,corrected,Men,193.0,195.6,Orthodox,1984-01-30,http://ufcstats.com/fighter-details/63def5a5662a6917,23.0,15.0,8.0,10.0,0.0,5.0,5.0,13.0,2008-10-25,2020-12-12,23.0,247.0,4.49,47.95,3.33,56.22,0.3,50.0,81.82,0.06,0.85,3.08,84.94,8.48,6.58,61.5,34.08,4.42,42.7,36.9,False,2.6,18.0,81.0,10.0,Striker,Orthodox,True,Right,True,82,Orthodox · Right-handed,Right foot · Right hand,1.013
Deiveson Figueiredo,Brazil,South America,Orthodox,Right,22,4,26,84.62,Flyweight,Study fundamentals and signature techniques,original,Men,165.1,172.7,Orthodox,1987-12-18,http://ufcstats.com/fighter-details/aa72b0f831d0bfe5,22.0,14.0,7.0,4.0,4.0,6.0,6.0,7.0,2017-06-03,2026-05-30,22.0,279.8,2.57,53.9,3.43,49.63,1.61,34.88,57.14,1.18,0.64,15.65,75.77,7.24,16.99,60.03,28.13,11.84,38.8,38.4,True,7.6,13.0,46.0,66.0,Grappler,Orthodox,True,Right,True,71,Orthodox · Right-handed,Right foot · Right hand,1.046
Alex Pereira,Brazil,South America,Orthodox,Right,10,2,12,83.33,Middleweight,"Study left hook, striking power",original,Men,193.0,200.7,Orthodox,1987-07-07,http://ufcstats.com/fighter-details/e5549c82bfb5582d,13.0,10.0,3.0,8.0,0.0,2.0,9.0,8.0,2021-11-06,2026-06-14,13.0,139.2,5.01,61.36,3.72,52.56,0.11,50.0,80.0,0.22,0.75,1.89,81.21,10.33,8.46,46.77,25.82,27.4,39.2,38.9,True,7.7,17.0,86.0,13.0,Striker,Orthodox,True,Right,True,69,Orthodox · Right-handed,Right foot · Right hand,1.04
Demian Maia,Brazil,South America,Orthodox,Right,29,10,39,74.36,Welterweight,Study fundamentals and signature techniques,corrected,Men,185.4,182.9,Southpaw,1977-11-06,http://ufcstats.com/fighter-details/427b5953ac8e3a27,33.0,22.0,11.0,1.0,11.0,10.0,2.0,6.0,2007-10-20,2021-06-12,33.0,409.7,1.8,43.57,2.07,63.64,2.49,24.82,61.54,0.99,0.04,37.91,50.2,12.04,37.75,80.11,14.61,5.28,48.9,43.6,False,-2.5,8.0,3.0,85.0,Grappler,Southpaw,False,Right,False,58,Southpaw · Right-handed,Right foot · Right hand,0.987
Thiago Alves,Brazil,South America,Orthodox,Right,22,12,34,64.71,Welterweight,Study fundamentals and signature techniques,corrected,Men,175.3,177.8,Orthodox,1983-10-03,http://ufcstats.com/fighter-details/31ee470ef5dc8d7f,27.0,15.0,12.0,8.0,1.0,6.0,1.0,3.0,2005-10-03,2019-12-07,27.0,296.6,3.73,41.77,3.42,62.52,0.71,60.87,63.11,0.3,0.66,10.43,78.39,11.39,10.22,51.45,13.56,34.99,43.0,36.2,False,2.5,4.0,62.0,32.0,Striker,Orthodox,True,Right,False,39,Orthodox · Right-handed,Right foot · Right hand,1.014
Glover Teixeira,Brazil,South America,Orthodox,Right,33,8,41,80.49,Light Heavyweight,Study fundamentals and signature techniques,original,Men,188.0,193.0,Orthodox,1979-10-28,http://ufcstats.com/fighter-details/7ff97850e8c32bda,23.0,16.0,7.0,6.0,7.0,3.0,4.0,10.0,2012-05-26,2023-01-21,23.0,265.1,3.59,50.66,4.47,50.97,2.04,33.64,60.29,0.91,0.28,29.63,51.1,9.76,39.14,84.99,13.22,1.78,46.9,43.2,False,5.0,14.0,40.0,79.0,Grappler,Orthodox,True,Right,True,77,Orthodox · Right-handed,Right foot · Right hand,1.027
Mauricio Rua,Brazil,South America,Orthodox,Right,27,13,40,67.5,Light Heavyweight,Study fundamentals and signature techniques,original,Men,185.4,193.0,Orthodox,1981-11-25,http://ufcstats.com/fighter-details/140745cbbcb023ac,24.0,11.0,12.0,8.0,0.0,3.0,3.0,9.0,2007-09-22,2023-01-21,24.0,264.8,3.35,51.54,3.46,52.24,1.53,42.86,47.69,0.23,0.79,23.25,69.93,14.64,15.43,59.35,15.77,24.89,44.8,41.2,False,7.6,12.0,62.0,53.0,All-rounder,Orthodox,True,Left,True,60,Orthodox · Right-handed,Left foot · Right hand,1.041
Rafael Dos Anjos,Brazil,South America,Orthodox,Right,30,14,44,68.18,Lightweight,Study fundamentals and signature techniques,original,Men,172.7,177.8,Southpaw,1984-10-26,http://ufcstats.com/fighter-details/6a2f7c151031653d,36.0,21.0,15.0,4.0,5.0,12.0,4.0,12.0,2008-11-15,2024-10-26,36.0,523.3,3.48,47.07,3.23,60.24,1.95,35.6,54.82,0.57,0.2,26.13,67.18,17.62,15.2,58.34,23.82,17.84,41.9,40.0,True,5.1,16.0,32.0,70.0,Grappler,Southpaw,False,Right,True,84,Southpaw · Right-handed,Right foot · Right hand,1.03
Marlon Vera,Ecuador,South America,Orthodox,Right,22,8,30,73.33,Bantamweight,Study fundamentals and signature techniques,original,Men,172.7,177.8,Switch,1992-12-02,http://ufcstats.com/fighter-details/7c7332319c14094c,27.0,16.0,11.0,8.0,4.0,4.0,1.0,4.0,2014-11-15,2026-09-19,27.0,365.7,4.24,47.93,5.39,49.6,0.57,45.16,72.04,0.74,0.66,9.0,78.61,10.76,10.63,54.06,21.97,23.97,33.8,33.8,True,5.1,5.0,71.0,41.0,Striker,Switch,False,Left,False,45,Switch · Right-handed,Left foot · Right hand,1.03
Brandon Moreno,Mexico,North America,Orthodox,Right,22,6,28,78.57,Flyweight,Study fundamentals and signature techniques,original,Men,170.2,177.8,Orthodox,1993-12-07,http://ufcstats.com/fighter-details/792be9a24df82ed6,21.0,12.0,7.0,3.0,3.0,6.0,6.0,6.0,2016-10-01,2026-09-12,21.0,355.9,3.86,43.99,3.69,59.93,1.39,41.25,67.47,0.38,0.17,18.05,87.85,5.53,6.62,73.02,16.65,10.33,32.8,32.8,True,7.6,12.0,36.0,53.0,Grappler,Orthodox,True,Left,True,62,Orthodox · Right-handed,Left foot · Right hand,1.045
Yair Rodriguez,Mexico,North America,Southpaw,Right,15,4,19,78.95,Featherweight,Study fundamentals and signature techniques,original,Men,180.3,180.3,Orthodox,1992-10-06,http://ufcstats.com/fighter-details/cbf5e6f231b55443,16.0,11.0,4.0,4.0,1.0,6.0,3.0,7.0,2014-11-15,2025-04-12,16.0,211.7,4.65,46.95,3.78,52.8,0.71,29.41,59.42,0.64,0.35,8.45,78.15,6.5,15.35,55.28,19.61,25.1,34.0,32.5,True,0.0,10.0,64.0,40.0,Striker,Orthodox,False,Right,False,53,Orthodox · Right-handed,Right foot · Right hand,1.0
Alexa Grasso,Mexico,North America,Southpaw,Left,16,3,19,84.21,Women's Flyweight,Study fundamentals and signature techniques,corrected,Women,165.1,167.6,Orthodox,1993-08-09,http://ufcstats.com/fighter-details/e8b731feff72294b,17.0,10.0,5.0,1.0,2.0,7.0,4.0,3.0,2016-11-05,2026-09-12,17.0,264.0,4.11,41.11,3.72,59.35,0.4,36.84,53.75,0.63,0.23,9.41,80.18,16.68,3.13,63.32,17.6,19.08,33.1,33.1,True,2.5,7.0,46.0,36.0,All-rounder,Orthodox,False,Right,True,37,Orthodox · Left-handed,Right foot · Left hand,1.015
Cain Velasquez,Mexico,North America,Orthodox,Right,14,3,17,82.35,Heavyweight,Study fundamentals and signature techniques,corrected,Men,185.4,195.6,Orthodox,1982-07-28,http://ufcstats.com/fighter-details/0ff11cc094e887bc,15.0,12.0,3.0,10.0,0.0,2.0,6.0,8.0,2008-04-19,2019-02-17,15.0,111.0,6.48,57.57,2.4,57.64,4.59,41.98,75.0,0.41,1.35,60.37,36.16,27.12,36.72,75.38,10.71,13.91,44.2,36.6,False,10.2,14.0,98.0,83.0,All-rounder,Orthodox,True,Left,True,69,Orthodox · Right-handed,Left foot · Right hand,1.055
Khabib Nurmagomedov,Russia,Europe,Orthodox,Right,29,0,29,100.0,Lightweight,"Study wrestling, ground control, pressure",original,Men,177.8,177.8,Orthodox,1988-09-20,http://ufcstats.com/fighter-details/032cc3922d871c7f,13.0,13.0,0.0,2.0,5.0,6.0,4.0,4.0,2012-01-20,2020-10-24,13.0,171.9,4.1,48.82,1.75,65.4,5.32,48.03,84.62,0.79,0.17,55.08,42.27,3.83,53.9,85.67,9.22,5.11,38.0,32.1,False,0.0,8.0,41.0,92.0,Grappler,Orthodox,True,Left,True,49,Orthodox · Right-handed,Left foot · Right hand,1.0
Islam Makhachev,Russia,Europe,Orthodox,Right,25,1,26,96.15,Lightweight,"Study wrestling, ground game",original,Men,177.8,177.8,Southpaw,1991-10-27,http://ufcstats.com/fighter-details/275aca31f61ba28c,19.0,18.0,1.0,3.0,8.0,7.0,7.0,9.0,2015-05-23,2026-08-15,19.0,223.3,2.27,58.01,1.42,61.46,3.22,54.55,91.3,0.87,0.34,51.05,57.79,18.74,23.47,69.63,23.08,7.3,34.9,34.8,True,0.0,16.0,28.0,89.0,Grappler,Southpaw,False,Right,True,83,Southpaw · Right-handed,Right foot · Right hand,1.0
Petr Yan,Russia,Europe,Orthodox,Right,16,4,20,80.0,Bantamweight,Study fundamentals and signature techniques,original,Men,170.2,170.2,Switch,1993-02-11,http://ufcstats.com/fighter-details/d661ce4da776fc20,16.0,12.0,4.0,4.0,0.0,8.0,5.0,3.0,2018-06-23,2025-12-06,16.0,282.1,5.16,54.9,4.24,59.6,1.7,49.23,86.39,0.11,0.53,15.0,74.59,12.09,13.32,69.23,18.96,11.81,33.6,32.8,True,0.0,8.0,79.0,42.0,Striker,Switch,False,Right,True,46,Switch · Right-handed,Right foot · Right hand,1.0
Magomed Ankalaev,Russia,Europe,Orthodox,Right,18,1,19,94.74,Light Heavyweight,Study fundamentals and signature techniques,original,Men,190.5,190.5,Orthodox,1992-06-02,http://ufcstats.com/fighter-details/d802174b0c0c1f4e,17.0,13.0,2.0,7.0,0.0,6.0,3.0,6.0,2018-03-17,2026-07-25,17.0,211.6,3.52,52.36,2.49,55.25,0.85,24.49,87.5,0.21,0.5,28.4,71.77,10.35,17.88,54.03,28.9,17.07,34.3,34.1,True,0.0,9.0,54.0,50.0,All-rounder,Orthodox,True,Right,True,53,Orthodox · Right-handed,Right foot · Right hand,1.0
Zabit Magomedsharipov,Russia,Europe,Southpaw,Left,18,1,19,94.74,Featherweight,Study fundamentals and signature techniques,corrected,Men,185.4,185.4,Orthodox,1991-03-01,http://ufcstats.com/fighter-details/87aa9fb63d6b51a1,6.0,6.0,0.0,0.0,3.0,3.0,0.0,1.0,2017-09-02,2019-11-09,6.0,77.6,4.89,48.47,3.0,64.91,5.22,56.25,77.78,0.77,0.0,32.46,81.05,3.95,15.0,66.32,13.16,20.53,35.6,28.7,False,0.0,1.0,42.0,86.0,Grappler,Orthodox,False,Left,False,9,Orthodox · Left-handed,Left foot · Left hand,1.0
Fedor Emelianenko,Russia,Europe,Southpaw,Left,40,6,46,86.96,Heavyweight,Study fundamentals and signature techniques,corrected,Men,182.9,188.0,Orthodox,1976-09-28,http://ufcstats.com/fighter-details/b8da6f5c80ae2d15,,,,,,,,,,,,,,,,,,,,,,,,,,,,,50.0,,False,5.1,0.0,,,Not enough UFC data,Orthodox,False,Left,True,2,Orthodox · Left-handed,Left foot · Left hand,1.028
Alexei Oleinik,Russia,Europe,Orthodox,Right,59,16,75,78.67,Heavyweight,Study fundamentals and signature techniques,corrected,Men,188.0,203.2,Orthodox,1977-06-20,http://ufcstats.com/fighter-details/98c23cb6da5b3352,17.0,9.0,8.0,1.0,7.0,1.0,0.0,3.0,2014-06-28,2022-10-01,17.0,115.7,3.29,48.91,3.8,44.3,1.82,46.67,37.5,1.95,0.26,30.43,70.0,22.63,7.37,62.89,23.95,13.16,49.3,45.3,False,15.2,3.0,36.0,82.0,Grappler,Orthodox,True,Right,False,22,Orthodox · Right-handed,Right foot · Right hand,1.081
Jiri Prochazka,Czech Rep.,Europe,Southpaw,Left,29,4,33,87.88,Light Heavyweight,Study fundamentals and signature techniques,original,Men,190.5,203.2,Orthodox,1992-10-14,http://ufcstats.com/fighter-details/009341ed974bad72,9.0,6.0,3.0,5.0,1.0,0.0,4.0,5.0,2020-07-11,2026-04-11,9.0,92.3,5.61,55.52,5.67,45.41,0.49,60.0,68.42,0.16,0.81,12.17,77.61,7.53,14.86,76.64,15.64,7.72,33.9,33.5,True,12.7,9.0,90.0,26.0,Striker,Orthodox,False,Left,True,38,Orthodox · Left-handed,Left foot · Left hand,1.067
Joanna Jedrzejczyk,Poland,Europe,Orthodox,Right,16,5,21,76.19,Women's Strawweight,Study fundamentals and signature techniques,corrected,Women,167.6,165.1,Orthodox,1987-08-18,http://ufcstats.com/fighter-details/3d6749c4267da18f,15.0,10.0,5.0,2.0,0.0,8.0,10.0,3.0,2014-07-26,2022-06-11,15.0,279.2,6.28,48.13,3.25,62.83,0.27,62.5,80.15,0.05,0.05,7.53,81.58,17.5,0.91,46.24,24.8,28.96,39.1,34.8,False,-2.5,13.0,52.0,12.0,Striker,Orthodox,True,Right,True,61,Orthodox · Right-handed,Right foot · Right hand,0.985
Jan Blachowicz,Poland,Europe,Orthodox,Right,28,10,38,73.68,Light Heavyweight,Study fundamentals and signature techniques,original,Men,188.0,198.1,Orthodox,1983-02-24,http://ufcstats.com/fighter-details/99df7d0a2a08a8a8,23.0,12.0,9.0,5.0,2.0,5.0,4.0,7.0,2014-10-04,2026-08-01,23.0,294.9,3.53,50.24,3.23,51.58,0.97,48.72,70.0,0.36,0.36,13.29,78.37,10.29,11.35,61.44,20.67,17.88,43.6,43.4,True,10.1,11.0,46.0,44.0,All-rounder,Orthodox,True,Right,True,59,Orthodox · Right-handed,Right foot · Right hand,1.054
Mateusz Gamrot,Poland,Europe,Orthodox,Right,22,1,23,95.65,Lightweight,Study fundamentals and signature techniques,original,Men,177.8,177.8,Southpaw,1990-12-11,http://ufcstats.com/fighter-details/72db2a14ffa73ece,14.0,9.0,5.0,3.0,2.0,4.0,0.0,5.0,2020-10-17,2026-08-08,14.0,159.5,3.14,51.33,2.79,60.05,5.08,38.3,76.92,0.38,0.09,31.67,75.45,6.39,18.16,76.85,13.57,9.58,35.8,35.7,True,0.0,5.0,22.0,77.0,Grappler,Southpaw,False,Right,False,29,Southpaw · Right-handed,Right foot · Right hand,1.0
Andre Arlovski,Belarus,Europe,Orthodox,Right,34,22,56,60.71,Heavyweight,Study fundamentals and signature techniques,corrected,Men,190.5,195.6,Orthodox,1979-02-04,http://ufcstats.com/fighter-details/3738e68d2261e60f,42.0,23.0,18.0,9.0,2.0,12.0,5.0,7.0,2000-11-17,2024-06-29,42.0,410.0,3.87,45.56,3.28,56.76,0.33,34.62,77.78,0.18,0.37,7.83,85.3,12.05,2.65,55.21,21.39,23.41,47.6,45.4,False,5.1,12.0,54.0,19.0,Striker,Orthodox,True,Right,True,75,Orthodox · Right-handed,Right foot · Right hand,1.027
Mirko Cro Cop,Croatia,Europe,Southpaw,Left,38,13,51,74.51,Heavyweight,Study fundamentals and signature techniques,corrected,Men,188.0,185.4,Southpaw,1974-09-10,http://ufcstats.com/fighter-details/c32fb8c0f6471a4d,11.0,5.0,6.0,4.0,1.0,0.0,0.0,3.0,2007-02-03,2015-04-11,11.0,116.8,2.02,44.11,2.69,57.91,0.26,33.33,72.97,0.39,0.39,12.8,54.24,27.97,17.8,71.19,21.19,7.63,52.0,40.6,False,-2.6,3.0,30.0,33.0,All-rounder,Southpaw,True,Left,True,16,Southpaw · Left-handed,Left foot · Left hand,0.986
Nikita Krylov,Ukraine,Europe,Orthodox,Right,30,10,40,75.0,Light Heavyweight,Study fundamentals and signature techniques,corrected,Men,190.5,195.6,Orthodox,1992-03-07,http://ufcstats.com/fighter-details/1091d4d957141094,22.0,12.0,10.0,5.0,5.0,2.0,0.0,0.0,2013-08-31,2026-07-11,22.0,157.3,4.38,54.21,2.75,48.14,2.19,38.33,53.19,1.14,0.57,35.36,59.22,22.64,18.14,58.93,24.82,16.26,34.5,34.3,True,5.1,0.0,70.0,84.0,All-rounder,Orthodox,True,Left,False,18,Orthodox · Right-handed,Left foot · Right hand,1.027
Conor McGregor,Ireland,Europe,Southpaw,Right,22,6,28,78.57,Lightweight,"Study left cross, footwork, distance management",original,Men,175.3,188.0,Southpaw,1988-07-14,http://ufcstats.com/fighter-details/f4c49976c75c5ab2,15.0,10.0,5.0,8.0,0.0,2.0,4.0,12.0,2013-04-06,2026-07-11,15.0,113.7,5.27,49.5,4.71,53.87,0.66,55.56,66.67,0.13,1.72,12.18,76.96,10.18,12.85,69.95,17.03,13.02,38.2,38.0,True,12.7,16.0,93.0,27.0,Striker,Southpaw,True,Right,True,68,Southpaw · Right-handed,Right foot · Right hand,1.072
Paddy Pimblett,UK,Europe,Orthodox,Right,20,3,23,86.96,Lightweight,Study fundamentals and signature techniques,original,Men,177.8,185.4,Orthodox,1995-01-03,http://ufcstats.com/fighter-details/7826923b47f8d72a,9.0,8.0,1.0,2.0,4.0,2.0,1.0,1.0,2021-09-04,2026-07-11,9.0,88.4,5.48,52.72,3.86,42.79,0.68,21.05,46.43,1.36,0.34,20.77,75.83,7.64,16.53,61.57,17.98,20.45,31.7,31.5,True,7.6,2.0,70.0,61.0,All-rounder,Orthodox,True,Right,False,16,Orthodox · Right-handed,Right foot · Right hand,1.043
Tom Aspinall,UK,Europe,Orthodox,Right,15,3,18,83.33,Heavyweight,Study fundamentals and signature techniques,original,Men,195.6,198.1,Orthodox,1993-04-11,http://ufcstats.com/fighter-details/399afbabc02376b5,10.0,8.0,1.0,6.0,2.0,0.0,3.0,4.0,2020-07-25,2025-10-25,10.0,22.9,7.63,67.57,3.62,56.99,2.62,80.0,100.0,1.31,3.27,22.24,61.71,9.71,28.57,68.0,13.14,18.86,33.5,32.5,True,2.5,7.0,100.0,80.0,Striker,Orthodox,True,Right,True,32,Orthodox · Right-handed,Right foot · Right hand,1.013
Michael Bisping,UK,Europe,Orthodox,Right,30,9,39,76.92,Middleweight,Study fundamentals and signature techniques,original,Men,185.4,190.5,Orthodox,1979-02-28,http://ufcstats.com/fighter-details/2b93ebd9f5417ad2,29.0,20.0,9.0,10.0,0.0,10.0,4.0,14.0,2006-06-24,2017-11-25,29.0,365.6,4.29,37.67,2.73,65.36,1.07,43.33,63.27,0.21,0.33,9.05,81.11,9.7,9.19,72.24,12.44,15.32,47.6,38.7,False,5.1,18.0,56.0,34.0,Striker,Orthodox,True,Right,True,87,Orthodox · Right-handed,Right foot · Right hand,1.028
Dan Hardy,UK,Europe,Orthodox,Right,25,10,35,71.43,Welterweight,Study fundamentals and signature techniques,corrected,Men,182.9,188.0,Orthodox,1982-05-17,http://ufcstats.com/fighter-details/473ce3aa581251a2,10.0,6.0,4.0,2.0,0.0,4.0,1.0,2.0,2008-10-18,2012-09-29,10.0,123.7,2.46,35.35,3.44,51.15,0.73,35.29,35.48,0.36,0.36,15.79,65.79,22.7,11.51,62.5,17.43,20.07,44.4,30.4,False,5.1,3.0,34.0,43.0,All-rounder,Orthodox,True,Right,False,17,Orthodox · Right-handed,Right foot · Right hand,1.028
Darren Till,UK,Europe,Southpaw,Right,18,5,23,78.26,Middleweight,Study fundamentals and signature techniques,original,Men,182.9,188.0,Southpaw,1992-12-24,http://ufcstats.com/fighter-details/9ce6d5a03af801b7,12.0,6.0,5.0,2.0,0.0,4.0,1.0,6.0,2015-05-30,2022-12-10,12.0,163.3,2.3,46.82,3.31,56.28,0.55,46.15,69.81,0.0,0.46,6.58,75.73,10.4,13.87,68.8,13.87,17.33,33.7,30.0,False,5.1,7.0,35.0,14.0,Striker,Southpaw,True,Right,False,29,Southpaw · Right-handed,Right foot · Right hand,1.028
Paul Craig,UK,Europe,Southpaw,Left,16,6,22,72.73,Light Heavyweight,Study fundamentals and signature techniques,corrected,Men,190.5,193.0,Orthodox,1987-11-27,http://ufcstats.com/fighter-details/eabf206b162b3b83,21.0,9.0,10.0,3.0,6.0,0.0,0.0,1.0,2016-12-17,2025-09-06,21.0,168.2,2.5,45.37,3.04,43.41,1.43,18.82,35.29,1.34,0.09,13.56,67.22,13.54,19.24,50.12,31.59,18.29,38.8,37.8,True,2.5,1.0,13.0,63.0,Grappler,Orthodox,False,Left,False,14,Orthodox · Left-handed,Left foot · Left hand,1.013
Terry Etim,UK,Europe,Orthodox,Right,15,5,20,75.0,Lightweight,Study fundamentals and signature techniques,original,Men,185.4,185.4,Orthodox,1986-01-11,http://ufcstats.com/fighter-details/33011768c3c4dc9a,11.0,6.0,5.0,1.0,4.0,1.0,0.0,0.0,2007-04-21,2013-02-16,11.0,105.8,2.16,35.84,2.53,67.0,0.43,30.0,39.39,1.42,0.28,5.58,86.9,11.79,1.31,48.03,10.92,41.05,40.7,27.1,False,0.0,0.0,22.0,39.0,Grappler,Orthodox,True,Right,False,6,Orthodox · Right-handed,Right foot · Right hand,1.0
Alistair Overeem,Netherlands,Europe,Orthodox,Right,47,19,66,71.21,Heavyweight,Study fundamentals and signature techniques,original,Men,193.0,203.2,Orthodox,1980-05-17,http://ufcstats.com/fighter-details/b4ad3a06ee4d660c,20.0,12.0,8.0,9.0,0.0,3.0,1.0,8.0,2011-12-30,2021-02-06,20.0,184.8,3.87,74.32,3.19,51.12,0.81,34.48,63.16,0.24,0.81,26.05,43.92,20.14,35.94,53.99,32.31,13.71,46.4,40.7,False,10.2,9.0,70.0,49.0,Striker,Orthodox,True,Right,False,51,Orthodox · Right-handed,Right foot · Right hand,1.053
Gegard Mousasi,Netherlands,Europe,Orthodox,Right,47,10,57,82.46,Middleweight,Study fundamentals and signature techniques,corrected,Men,188.0,193.0,Orthodox,1985-08-01,http://ufcstats.com/fighter-details/232c582f29f8f65e,12.0,9.0,3.0,5.0,1.0,3.0,0.0,5.0,2013-04-06,2017-04-08,12.0,120.1,3.87,50.32,1.39,68.01,1.12,52.94,73.68,0.37,0.25,23.32,65.16,11.4,23.44,71.4,10.32,18.28,41.1,31.7,False,5.0,5.0,44.0,56.0,All-rounder,Orthodox,True,Right,True,29,Orthodox · Right-handed,Right foot · Right hand,1.027
Bas Rutten,Netherlands,Europe,Southpaw,Left,28,4,32,87.5,Heavyweight,Study fundamentals and signature techniques,corrected,Men,185.4,,Orthodox,1965-02-24,http://ufcstats.com/fighter-details/03688dc3c3af3ac1,2.0,2.0,0.0,1.0,0.0,1.0,1.0,2.0,1999-01-08,1999-05-07,2.0,35.2,1.39,54.44,1.22,60.19,0.0,,40.0,0.43,0.43,0.0,44.9,20.41,34.69,63.27,18.37,18.37,61.6,34.2,False,,3.0,,,Not enough UFC data,Orthodox,False,Left,True,14,Orthodox · Left-handed,Left foot · Left hand,
Stefan Struve,Netherlands,Europe,Orthodox,Right,28,13,41,68.29,Heavyweight,Study fundamentals and signature techniques,corrected,Men,210.8,213.4,Orthodox,1988-02-18,http://ufcstats.com/fighter-details/ebc1f40e00e0c481,24.0,13.0,11.0,5.0,6.0,2.0,0.0,2.0,2009-02-21,2020-10-24,24.0,187.5,3.12,47.45,4.04,46.5,0.56,46.67,55.77,1.68,0.24,10.79,83.59,5.98,10.43,52.99,22.56,24.44,38.6,32.7,False,2.6,2.0,31.0,49.0,Grappler,Orthodox,True,Left,False,29,Orthodox · Right-handed,Left foot · Right hand,1.012
Melvin Manhoef,Netherlands,Europe,Orthodox,Right,31,14,45,68.89,Middleweight,Study fundamentals and signature techniques,corrected,Men,175.3,,Orthodox,1976-05-11,http://ufcstats.com/fighter-details/e5767ed355a937c2,,,,,,,,,,,,,,,,,,,,,,,,,,,,,50.4,,False,,0.0,,,Not enough UFC data,Orthodox,True,Right,False,2,Orthodox · Right-handed,Right foot · Right hand,
Martin Kampmann,Denmark,Europe,Southpaw,Right,20,8,28,71.43,Welterweight,Study fundamentals and signature techniques,corrected,Men,182.9,182.9,Orthodox,1982-04-17,http://ufcstats.com/fighter-details/8b69839f3555a67b,17.0,11.0,6.0,2.0,5.0,4.0,0.0,5.0,2006-08-17,2013-08-28,17.0,153.4,3.22,42.37,3.28,62.05,1.86,41.3,78.46,2.05,0.49,29.5,60.53,22.27,17.21,78.95,17.61,3.44,44.4,31.4,False,0.0,5.0,49.0,82.0,Grappler,Orthodox,False,Right,False,34,Orthodox · Right-handed,Right foot · Right hand,1.0
Dennis Siver,Germany,Europe,Southpaw,Right,22,13,35,62.86,Lightweight,Study fundamentals and signature techniques,original,Men,167.6,177.8,Orthodox,1979-01-13,http://ufcstats.com/fighter-details/5f87a5c00b3d17ed,21.0,12.0,8.0,3.0,2.0,7.0,0.0,1.0,2007-04-21,2017-06-25,21.0,224.3,3.87,32.45,2.67,65.05,0.87,32.5,65.0,0.33,0.47,16.99,84.81,5.29,9.9,56.85,13.58,29.57,47.7,38.4,False,10.2,1.0,60.0,46.0,All-rounder,Orthodox,False,Right,False,22,Orthodox · Right-handed,Right foot · Right hand,1.061
Israel Adesanya,Nigeria,Africa,Southpaw,Right,24,3,27,88.89,Middleweight,"Study calf kicks, feints, distance management",original,Men,193.0,203.2,Switch,1989-07-22,http://ufcstats.com/fighter-details/1338e2c7480bdf9e,19.0,13.0,6.0,5.0,0.0,8.0,12.0,15.0,2018-02-10,2026-03-28,19.0,325.8,4.03,48.38,3.22,55.78,0.05,9.09,76.42,0.14,0.6,3.15,92.31,4.87,2.82,49.12,20.87,30.01,37.2,36.7,True,10.2,27.0,67.0,9.0,Striker,Switch,False,Left,True,87,Switch · Right-handed,Left foot · Right hand,1.053
Francis Ngannou,Cameroon,Africa,Orthodox,Right,17,3,20,85.0,Heavyweight,Study fundamentals and signature techniques,original,Men,193.0,210.8,Orthodox,1986-09-05,http://ufcstats.com/fighter-details/8d03ce87ca14e778,14.0,12.0,2.0,10.0,1.0,1.0,3.0,6.0,2015-12-19,2022-01-22,14.0,98.2,2.33,41.26,2.16,41.92,0.76,62.5,71.79,0.31,1.22,11.93,65.5,15.72,18.78,68.12,17.9,13.97,40.1,35.4,False,17.8,9.0,53.0,36.0,Striker,Orthodox,True,Left,True,51,Orthodox · Right-handed,Left foot · Right hand,1.092
Ciryl Gane,France,Europe,Orthodox,Right,11,2,13,84.62,Heavyweight,Study fundamentals and signature techniques,original,Men,193.0,205.7,Orthodox,1990-04-12,http://ufcstats.com/fighter-details/787bb1f087ccff8a,14.0,11.0,2.0,5.0,2.0,4.0,5.0,8.0,2019-08-10,2026-06-14,14.0,181.9,5.4,61.71,2.31,60.86,0.66,23.53,47.06,0.58,0.33,8.93,88.81,6.92,4.27,44.56,26.55,28.89,36.5,36.2,True,12.7,13.0,68.0,38.0,Striker,Orthodox,True,Right,True,64,Orthodox · Right-handed,Right foot · Right hand,1.066
Benoit Saint Denis,France,Europe,Orthodox,Right,13,3,16,81.25,Lightweight,Study fundamentals and signature techniques,original,Men,180.3,185.4,Southpaw,1995-12-18,http://ufcstats.com/fighter-details/c2299ec916bc7c56,13.0,9.0,4.0,5.0,4.0,0.0,0.0,1.0,2021-10-30,2026-07-11,13.0,86.8,5.58,58.45,4.09,41.99,4.15,35.29,72.22,1.73,0.86,47.21,50.62,17.98,31.4,62.81,26.45,10.74,30.8,30.6,True,5.1,1.0,91.0,94.0,All-rounder,Southpaw,False,Right,False,14,Southpaw · Right-handed,Right foot · Right hand,1.028
Nassourdine Imavov,France,Europe,Southpaw,Right,14,4,18,77.78,Middleweight,Study fundamentals and signature techniques,original,Men,190.5,190.5,Orthodox,1996-03-01,http://ufcstats.com/fighter-details/881bf86d4cba8578,12.0,9.0,2.0,4.0,0.0,5.0,0.0,5.0,2020-10-03,2025-09-06,12.0,183.2,4.28,54.98,3.17,58.74,0.74,32.14,81.4,0.98,0.16,15.62,73.09,15.18,11.73,68.11,19.77,12.12,30.6,29.5,True,0.0,5.0,43.0,55.0,All-rounder,Orthodox,False,Right,False,29,Orthodox · Right-handed,Right foot · Right hand,1.0
Ilia Topuria,Georgia,Europe,Orthodox,Right,15,0,15,100.0,Featherweight,Study fundamentals and signature techniques,original,Men,170.2,175.3,Orthodox,1997-01-21,http://ufcstats.com/fighter-details/54f64b5e283b0ce7,10.0,9.0,1.0,6.0,1.0,2.0,4.0,5.0,2020-10-10,2026-06-14,10.0,104.2,4.82,50.1,3.97,62.05,1.73,57.14,95.24,0.86,1.15,20.46,77.09,6.77,16.14,68.33,21.12,10.56,29.7,29.4,True,5.1,9.0,88.0,69.0,Striker,Orthodox,True,Right,True,43,Orthodox · Right-handed,Right foot · Right hand,1.03
Merab Dvalishvili,Georgia,Europe,Orthodox,Right,16,4,20,80.0,Bantamweight,Study fundamentals and signature techniques,corrected,Men,167.6,172.7,Orthodox,1991-01-10,http://ufcstats.com/fighter-details/c03520b5c88ed6b4,17.0,14.0,3.0,1.0,1.0,12.0,5.0,4.0,2017-12-09,2025-12-06,17.0,299.1,4.42,41.56,2.8,54.03,5.97,35.21,76.0,0.35,0.05,35.91,63.62,14.9,21.48,66.57,17.32,16.11,35.7,34.9,True,5.1,9.0,38.0,77.0,Grappler,Orthodox,True,Right,True,55,Orthodox · Right-handed,Right foot · Right hand,1.03
Alexander Volkanovski,Australia,Oceania,Orthodox,Right,26,3,29,89.66,Featherweight,Study fundamentals and signature techniques,original,Men,167.6,180.3,Orthodox,1988-09-29,http://ufcstats.com/fighter-details/e1248941344b3288,18.0,15.0,3.0,5.0,0.0,10.0,11.0,8.0,2016-11-26,2026-01-31,18.0,303.0,5.99,57.11,3.31,58.74,1.63,34.02,68.89,0.2,0.3,19.75,76.42,8.48,15.1,65.01,10.36,24.63,38.0,37.3,True,12.7,19.0,68.0,50.0,Striker,Orthodox,True,Right,True,84,Orthodox · Right-handed,Right foot · Right hand,1.076
Robert Whittaker,Australia,Oceania,Orthodox,Right,24,6,30,80.0,Middleweight,Study fundamentals and signature techniques,original,Men,182.9,185.4,Orthodox,1990-12-20,http://ufcstats.com/fighter-details/e1147d3d2dabe1ce,25.0,18.0,7.0,7.0,0.0,11.0,4.0,9.0,2012-12-14,2026-07-11,25.0,337.8,4.41,43.39,3.4,59.17,0.71,38.1,80.0,0.0,0.53,7.89,86.5,6.72,6.78,71.79,10.28,17.93,35.8,35.6,True,2.5,13.0,71.0,18.0,Striker,Orthodox,True,Right,True,76,Orthodox · Right-handed,Right foot · Right hand,1.014
Mark Hunt,New Zealand,Oceania,Orthodox,Right,13,14,27,48.15,Heavyweight,Study fundamentals and signature techniques,corrected,Men,177.8,182.9,Orthodox,1974-03-23,http://ufcstats.com/fighter-details/eef9b891edbd4604,18.0,8.0,8.0,7.0,0.0,1.0,1.0,7.0,2010-09-25,2018-12-01,18.0,200.9,2.38,43.35,3.32,49.05,0.52,53.85,65.79,0.07,0.67,9.81,84.55,7.1,8.35,78.91,10.65,10.44,52.5,44.7,False,5.1,8.0,46.0,20.0,Striker,Orthodox,True,Right,False,36,Orthodox · Right-handed,Right foot · Right hand,1.029
Tai Tuivasa,Australia,Oceania,Orthodox,Right,15,5,20,75.0,Heavyweight,Study fundamentals and signature techniques,corrected,Men,188.0,190.5,Southpaw,1993-03-16,http://ufcstats.com/fighter-details/c62fbc117d57b943,19.0,8.0,11.0,7.0,0.0,1.0,0.0,3.0,2017-11-18,2026-09-19,19.0,160.7,3.25,48.42,4.36,43.69,0.09,11.11,56.25,0.0,0.75,15.61,68.77,24.71,6.51,58.81,18.2,22.99,33.5,33.5,True,2.5,3.0,60.0,18.0,Striker,Southpaw,False,Right,False,20,Southpaw · Right-handed,Right foot · Right hand,1.013
Georges St-Pierre,Canada,North America,Orthodox,Right,26,2,28,92.86,Welterweight,"Study wrestling, fight IQ",corrected,Men,180.3,193.0,Orthodox,1981-05-19,http://ufcstats.com/fighter-details/6506c1d34da9c013,22.0,20.0,2.0,5.0,3.0,12.0,15.0,13.0,2004-01-31,2017-11-04,22.0,342.6,3.83,53.16,1.45,73.07,3.94,73.77,85.19,1.05,0.39,47.3,57.5,7.39,35.11,64.74,18.66,16.6,45.3,36.5,False,12.7,28.0,53.0,91.0,Grappler,Orthodox,True,Right,True,96,Orthodox · Right-handed,Right foot · Right hand,1.07
Rory MacDonald,Canada,North America,Orthodox,Right,22,6,28,78.57,Welterweight,Study fundamentals and signature techniques,corrected,Men,182.9,193.0,Orthodox,1989-07-22,http://ufcstats.com/fighter-details/cbd5d3cdd862e90e,13.0,9.0,4.0,3.0,1.0,5.0,1.0,2.0,2010-01-11,2016-06-18,13.0,178.0,3.75,42.48,2.8,62.45,1.77,47.73,88.89,0.42,0.08,16.21,76.31,8.25,15.44,74.81,18.74,6.45,37.2,26.9,False,10.1,3.0,29.0,58.0,Grappler,Orthodox,True,Right,True,22,Orthodox · Right-handed,Right foot · Right hand,1.055
Zhang Weili,China,Asia,Orthodox,Right,23,3,26,88.46,Women's Strawweight,Study fundamentals and signature techniques,corrected,Women,162.6,160.0,Switch,1989-08-13,http://ufcstats.com/fighter-details/1ebe20ebbfa15e29,13.0,10.0,3.0,2.0,2.0,6.0,9.0,1.0,2018-08-04,2025-11-15,13.0,199.2,4.66,52.69,2.63,53.14,1.96,44.83,63.64,0.45,0.23,28.98,59.42,8.83,31.75,58.99,17.12,23.9,37.1,36.3,True,-2.6,10.0,54.0,69.0,Grappler,Switch,False,Right,True,51,Switch · Right-handed,Right foot · Right hand,0.984
Yan Xiaonan,China,Asia,Southpaw,Left,18,3,21,85.71,Women's Strawweight,Study fundamentals and signature techniques,corrected,Women,165.1,160.0,Orthodox,1989-06-16,http://ufcstats.com/fighter-details/c41d426cc7326d1b,14.0,9.0,5.0,1.0,0.0,8.0,1.0,1.0,2017-11-25,2026-08-29,14.0,200.1,4.67,44.76,3.24,60.33,0.82,73.33,64.91,0.0,0.15,7.92,86.74,7.49,5.78,65.24,13.26,21.5,37.3,37.2,True,-5.1,2.0,49.0,21.0,Striker,Orthodox,False,Left,False,18,Orthodox · Left-handed,Left foot · Left hand,0.969
Chan Sung Jung,South Korea,Asia,Orthodox,Right,17,7,24,70.83,Featherweight,Study fundamentals and signature techniques,original,Men,170.2,182.9,Orthodox,1987-03-17,http://ufcstats.com/fighter-details/c451d67c09c55418,12.0,7.0,5.0,4.0,2.0,1.0,2.0,10.0,2011-03-26,2023-08-26,12.0,151.1,3.76,40.98,4.44,50.11,0.79,44.44,71.43,0.69,0.4,13.06,79.4,5.63,14.96,80.46,10.56,8.98,39.5,36.4,False,12.7,12.0,52.0,49.0,All-rounder,Orthodox,True,Right,False,51,Orthodox · Right-handed,Right foot · Right hand,1.075
Yushin Okami,Japan,Asia,Orthodox,Right,30,11,41,73.17,Middleweight,Study fundamentals and signature techniques,corrected,Men,188.0,190.5,Southpaw,1981-07-21,http://ufcstats.com/fighter-details/acff437707625fc7,21.0,14.0,7.0,5.0,0.0,9.0,1.0,4.0,2006-08-26,2018-12-01,21.0,252.2,2.03,38.46,2.25,61.0,1.96,37.93,84.62,0.54,0.24,38.04,55.56,13.45,30.99,78.95,14.23,6.82,45.2,37.4,False,2.5,5.0,18.0,75.0,Grappler,Southpaw,False,Left,False,41,Southpaw · Right-handed,Left foot · Right hand,1.013
Takanori Gomi,Japan,Asia,Southpaw,Left,37,12,49,75.51,Lightweight,Study fundamentals and signature techniques,original,Men,170.2,177.8,Southpaw,1978-09-22,http://ufcstats.com/fighter-details/3be081c29bf734d9,13.0,4.0,9.0,2.0,0.0,2.0,0.0,1.0,2010-03-31,2017-09-22,13.0,89.3,4.11,38.92,4.74,57.36,0.17,25.0,60.0,0.0,0.34,11.25,88.28,8.72,3.0,62.67,29.7,7.63,48.0,39.0,False,7.6,1.0,54.0,14.0,Striker,Southpaw,True,Left,True,7,Southpaw · Left-handed,Left foot · Left hand,1.045
Tatsuya Kawajiri,Japan,Asia,Orthodox,Right,27,10,37,72.97,Lightweight,Study fundamentals and signature techniques,original,Men,170.2,175.3,Orthodox,1978-05-08,http://ufcstats.com/fighter-details/80d918336163b80c,6.0,3.0,3.0,0.0,1.0,2.0,0.0,0.0,2014-01-04,2016-08-06,6.0,80.8,1.68,46.74,3.02,36.62,3.34,31.03,50.0,0.37,0.0,51.9,50.74,7.35,41.91,78.68,9.56,11.76,48.4,38.2,False,5.1,0.0,2.0,79.0,Grappler,Orthodox,True,Right,False,3,Orthodox · Right-handed,Right foot · Right hand,1.03
Dong Hyun Kim,South Korea,Asia,Orthodox,Right,21,4,25,84.0,Welterweight,Study fundamentals and signature techniques,corrected,Men,188.0,193.0,Southpaw,1981-11-17,http://ufcstats.com/fighter-details/9bcf8603ceb25680,18.0,13.0,4.0,4.0,1.0,8.0,0.0,1.0,2008-05-24,2017-06-17,18.0,199.6,2.12,49.02,1.89,58.57,2.93,43.82,71.67,0.6,0.3,49.39,36.56,19.81,43.63,77.12,10.38,12.5,44.9,35.6,False,5.0,1.0,23.0,85.0,Grappler,Southpaw,False,Right,False,25,Southpaw · Right-handed,Right foot · Right hand,1.027
Valentina Shevchenko,Kyrgyzstan,Asia,Orthodox,Right,23,4,27,85.19,Women's Flyweight,Study fundamentals and signature techniques,corrected,Women,165.1,167.6,Southpaw,1988-03-07,http://ufcstats.com/fighter-details/132deb59abae64b1,20.0,15.0,3.0,4.0,2.0,9.0,15.0,6.0,2015-12-19,2025-11-15,20.0,387.3,3.05,52.01,2.09,63.08,2.63,61.26,75.44,0.31,0.08,31.61,72.63,9.32,18.05,66.36,13.22,20.42,38.5,37.7,True,2.5,21.0,18.0,69.0,Grappler,Southpaw,False,Right,True,87,Southpaw · Right-handed,Right foot · Right hand,1.015
Leon Edwards,Jamaica,North America,Orthodox,Right,21,3,24,87.5,Welterweight,Study fundamentals and signature techniques,original,Men,188.0,188.0,Southpaw,1991-08-25,http://ufcstats.com/fighter-details/f1fac969a1d70b08,20.0,14.0,5.0,3.0,1.0,10.0,4.0,8.0,2014-11-08,2025-11-15,20.0,335.6,2.6,54.36,2.44,52.77,1.25,37.33,63.71,0.36,0.22,20.99,75.83,13.63,10.54,56.13,23.6,20.27,35.1,34.2,True,0.0,12.0,22.0,55.0,Grappler,Southpaw,False,Left,True,67,Southpaw · Right-handed,Left foot · Right hand,1.0
Tarec Saffiedine,Belgium,Europe,Orthodox,Right,17,8,25,68.0,Welterweight,Study fundamentals and signature techniques,corrected,Men,177.8,177.8,Switch,1986-09-06,http://ufcstats.com/fighter-details/0749d968e932df53,6.0,2.0,4.0,0.0,0.0,2.0,0.0,2.0,2014-01-04,2017-06-17,6.0,96.5,3.73,45.92,3.88,56.66,0.62,33.33,80.77,0.16,0.47,13.51,83.61,14.72,1.67,54.44,17.22,28.33,40.0,30.8,False,0.0,2.0,54.0,30.0,Striker,Switch,False,Right,True,10,Switch · Right-handed,Right foot · Right hand,1.0
